<?xml version="1.0" encoding="UTF-8"?> 
<project>                                  
  <executable name="targettest.elf">                 
    <memory name="program">              
      <units>bytes</units>                 
      <length>2048</length>                 
      <used>446</used>                     
      <free>1602</free>                     
    </memory>                              
    <memory name="data">                 
      <units>bytes</units>                 
      <length>128</length>                 
      <used>2</used>                     
      <free>126</free>                     
    </memory>                              
  </executable>                            
</project>                                 
